sname,sex,mom,dad,birth_date,current_status,known_age_at_censoring,known_lifespan,age_first_live_birth,current_repro_lifespan,final_repro_lifespan,num_live_births_RAW,num_surv_births_RAW,LRS_livebirths,LRS_survbirths,lifetime_rateLiveBirths,lifetime_rateSurvBirths,mom_lowQuartRank,bornInDrought,born_largeGroup,mom_died,has_CompetingSib,EarlyAdversityScore
AAR,M,,,3/30/02,censored_eventDriven,,,,,,0,0,,,,,0,0,0,0,0,0
ABB,F,ASH,EDW,9/10/98,dead,,9.412473307,6.510609172,2.902121834,2.902121834,2,2,2,2,0.689150943,0.689150943,0,0,0,1,1,2
ABD,M,ABB,NAW,3/15/05,dead,,3.586486338,,,,0,0,,,,,0,0,0,1,0,1
ACA,F,ASH,AMA,1/26/97,dead,,21.85840223,5.429158111,16.42984257,16.42984257,12,7,12,7,0.73037827,0.426053991,0,0,0,1,0,1
ACC,M,ACA,THR,3/25/10,alive,,,,,,0,0,,,,,0,0,0,0,1,1
ACI,F,ACA,THR,2/21/11,alive,8.347478508,,5.28678987,3.06091718,,3,1,,,,,0,0,0,0,1,1
ACM,M,LAV,VOY,8/3/08,censored_groupDropped,,,,,,0,0,,,,,1,1,1,1,0,4
ADD,M,,,12/22/94,censored_eventDriven,,,,,,0,0,,,,,0,0,0,0,0,0
ADO,M,ASH,POW,2/13/00,dead,,0.670755079,,,,0,0,,,,,0,0,0,1,0,1
ADR,M,,,7/28/97,dead,,,,,,0,0,,,,,0,0,0,0,0,0
AFR,M,ACA,POW,7/2/02,censored_eventDriven,,,,,,0,0,,,,,0,0,0,0,0,0
AGG,M,,,11/29/98,alive,,,,,,0,0,,,,,0,0,0,0,0,0
ALB,M,ACA,LEB,7/13/07,censored_eventDriven,,,,,,0,0,,,,,0,1,0,0,1,2
ALE,M,,,8/1/88,dead,,,,,,0,0,,,,,0,0,0,0,0,0
ALM,M,,,11/28/00,censored_eventDriven,,,,,,0,0,,,,,0,0,0,0,0,0
ALV,M,,,5/30/00,censored_eventDriven,,,,,,0,0,,,,,0,0,0,0,0,0
AMA,M,,,1/1/86,censored_eventDriven,,,,,,0,0,,,,,0,0,0,0,0,0
AMO,M,BET,NAC,2/28/95,dead,,14.58686963,,,,0,0,,,,,0,0,0,1,0,1
ANC,M,,,4/26/02,censored_eventDriven,,,,,,0,0,,,,,0,0,0,0,0,0
ANE,M,,,4/29/99,censored_eventDriven,,,,,,0,0,,,,,0,0,0,0,0,0
ANN,F,ACA,THR,10/25/08,dead,,2.190220665,,,,0,0,,,,,0,1,0,0,1,2
APH,M,,,11/16/85,censored_eventDriven,,,,,,0,0,,,,,0,0,0,0,0,0
APO,M,,,6/29/89,censored_eventDriven,,,,,,0,0,,,,,0,0,0,0,0,0
APP,F,ABB,ZIB,1/20/07,alive,12.43497782,,6.12183436,6.313483915,,3,3,,,,,0,1,0,1,0,2
ARA,M,,,11/22/99,censored_eventDriven,,,,,,0,0,,,,,0,1,0,0,0,1
ARS,M,,,8/14/96,censored_eventDriven,,,,,,0,0,,,,,0,0,0,0,0,0
ASA,M,,,5/8/02,censored_eventDriven,,,,,,0,0,,,,,0,0,0,0,0,0
ATL,M,ACA,LEB,12/27/05,censored_eventDriven,,,,,,0,0,,,,,0,0,0,0,0,0
AYU,M,,,9/27/96,censored_eventDriven,,,,,,0,0,,,,,0,0,0,0,0,0
AZI,M,,,3/7/94,censored_eventDriven,,,,,,0,0,,,,,0,0,0,0,0,0
BAG,M,,,7/13/93,censored_eventDriven,,,,,,0,0,,,,,0,0,0,0,0,0
BAT,F,HOL,REX,5/4/05,dead,,6.359853255,5.80971937,0.550308008,0.550308008,1,0,1,0,,,1,0,1,0,0,2
BEA,M,BIN,,10/6/88,dead,,20.48130099,,,,0,0,,,,,0,0,0,0,0,0
BIK,M,HOL,AYU,1/5/10,alive,,,,,,0,0,,,,,1,0,1,1,0,3
BIO,F,WYN,ELV,9/2/07,censored_groupDropped,9.713628648,,5.681040383,4.032854209,,2,0,,,,,0,1,1,0,0,2
BLU,M,,,6/26/92,censored_eventDriven,,,,,,0,0,,,,,0,0,0,0,0,0
BOC,M,,,9/29/00,dead,,,,,,0,0,,,,,0,0,0,0,0,0
BOL,M,,,4/5/04,censored_eventDriven,,,,,,0,0,,,,,0,0,0,0,0,0
BOT,M,WYN,ISR,5/12/09,censored_groupDropped,,,,,,0,0,,,,,0,0,1,0,1,2
BOY,M,,,11/28/03,censored_eventDriven,,,,,,0,0,,,,,0,0,0,0,0,0
BRO,M,,,10/28/96,censored_eventDriven,,,,,,0,0,,,,,0,0,0,0,0,0
BUC,M,HOL,REX,9/26/01,censored_eventDriven,,,,,,0,0,,,,,1,0,0,0,0,1
BUF,M,HOL,REX,7/22/03,dead,,1.861687565,,,,0,0,,,,,1,0,0,0,0,1
BUL,M,WOB,ELV,7/23/07,censored_groupDropped,,,,,,0,0,,,,,0,1,1,0,0,2
BUR,F,WOB,ISR,7/8/09,censored_groupDropped,3.925970542,,,,,0,0,,,,,0,0,1,0,0,1
BUT,M,,,4/28/02,censored_eventDriven,,,,,,0,0,,,,,0,0,0,0,0,0
BYE,M,,,5/30/03,censored_groupDropped,,,,,,0,0,,,,,0,0,0,0,0,0
CAB,F,CHE,PLA,8/5/98,dead,,16.51700159,6.078028747,10.43942505,10.43942505,6,4,6,4,0.574744296,0.383162864,0,0,0,0,0,0
CAC,F,LOC,VEI,10/28/04,alive,13.97634562,,6.672142368,7.3045859,,3,0,,,,,0,0,1,0,0,1
CAD,M,LOC,VAN,9/23/00,censored_groupDropped,,,,,,0,0,,,,,0,0,0,0,0,0
CAI,F,CHE,EDW,1/12/97,dead,,21.06992279,5.77412731,15.29637235,15.29637235,8,4,8,4,0.522999821,0.261499911,0,0,0,0,0,0
CAM,F,COB,GOM,10/24/11,dead,,2.212122871,,,,0,0,,,,,0,0,0,0,0,0
CAR,M,LOC,VAN,11/5/02,dead,,15.30964245,,,,0,0,,,,,0,0,0,0,0,0
CAV,M,COB,JOB,7/20/07,alive,,,,,,0,0,,,,,0,1,1,0,0,2
CAY,F,CAI,EBA,1/6/07,censored_groupDropped,11.11536987,,6.110882957,5.004791239,,3,0,,,,,0,1,1,0,0,2
CED,M,CEL,AMI,5/8/95,censored_eventDriven,,,,,,0,0,,,,,0,0,0,1,0,1
CEN,M,COB,THU,3/24/09,alive,,,,,,0,0,,,,,0,0,1,0,0,1
CHE,F,CET,,7/5/83,dead,,24.2868094,6.108145106,18.17932923,18.17932923,10,7,10,7,0.550075301,0.385052711,0,1,0,1,0,2
CHL,F,COD,EUG,10/1/10,dead,,5.067623063,,,,0,0,,,,,0,0,1,0,0,1
CIS,M,,,12/16/97,censored_eventDriven,,,,,,0,0,,,,,0,0,0,0,0,0
COB,F,CHE,EDW,6/6/95,dead,,21.52439358,6.266940452,15.25804244,15.25804244,8,7,8,7,0.524313655,0.458774448,0,0,0,0,0,0
COD,F,COB,DEP,12/20/03,alive,15.51497563,,6.7816564,8.733744011,,5,3,,,,,0,0,1,0,0,1
CON,F,COB,ORN,12/15/05,alive,13.52735038,,9.136208077,4.391512663,,3,1,,,,,0,0,1,0,0,1
COO,M,COB,TAL,9/11/01,dead,,13.94896786,,,,0,0,,,,,0,0,0,0,0,0
COP,M,CAB,JOB,12/20/06,alive,,,,,,0,0,,,,,0,0,1,0,0,1
COT,M,CAI,TAL,9/13/04,dead,,12.74982204,,,,0,0,,,,,0,0,1,0,0,1
COU,M,CAB,JOB,10/1/08,censored_eventDriven,,,,,,0,0,,,,,0,1,1,0,0,2
CRI,F,CAI,AYU,12/17/08,alive,9.590428736,,9.018480493,0.572210815,,1,0,,,,,0,1,1,0,0,2
CRU,M,CHE,GAS,7/9/00,censored_eventDriven,,,,,,0,0,,,,,0,0,0,0,0,0
CUR,F,LOC,VEI,5/11/06,dead,,1.541367793,,,,0,0,,,,,0,0,1,0,0,1
CYC,F,CHE,EBA,11/25/05,dead,,7.80813667,6.959616701,0.848733744,0.848733744,1,1,1,1,,,0,0,0,1,0,1
CYP,F,CAI,DEP,10/22/02,dead,,1.875376444,,,,0,0,,,,,0,0,0,0,0,0
DAB,F,DUR,,8/24/10,alive,8.837540382,,7.170431211,1.667351129,,1,1,,,,,0,0,1,0,0,1
DAG,M,DOV,PIS,1/7/00,censored_eventDriven,,,,,,0,0,,,,,0,0,0,1,1,2
DAK,M,DRO,ICA,12/23/99,dead,,1.500301155,,,,0,0,,,,,0,0,0,0,0,0
DAM,M,DUI,LOB,4/9/07,censored_eventDriven,,,,,,0,0,,,,,0,0,0,1,0,1
DAP,F,DUX,DEP,11/23/02,dead,,6.06143569,5.798767967,0.262833676,0.262833676,1,0,1,0,,,0,0,0,0,0,0
DAS,M,DUI,POW,10/21/00,alive,,,,,,0,0,,,,,0,0,0,0,1,1
DEA,M,DOV,TUZ,9/13/94,censored_eventDriven,,,,,,0,0,,,,,0,0,0,0,1,1
DEC,F,DRO,PLA,12/2/97,dead,,5.281169578,,,,0,0,,,,,0,0,0,0,0,0
DED,F,DUX,KER,12/12/04,alive,13.6040081,,6.562628337,7.041752225,,4,1,,,,,0,0,1,0,0,1
DEF,M,,,10/1/99,censored_eventDriven,,,,,,0,0,,,,,0,0,0,0,0,0
DEG,M,DUN,GAN,5/29/07,alive,,,,,,0,0,,,,,0,1,0,1,0,2
DEO,M,DUR,OTI,9/12/08,dead,,3.340086514,,,,0,0,,,,,0,1,1,0,0,2
DEP,M,,,7/27/89,censored_eventDriven,,,,,,0,0,,,,,0,0,0,0,0,0
DHA,F,DUX,ZOR,11/16/06,dead,,3.219624377,,,,0,0,,,,,0,0,1,0,0,1
DHO,F,DRO,BLU,11/18/03,alive,15.60258446,,6.92128679,8.681724846,,4,3,,,,,0,1,1,0,0,2
DIB,F,DIC,LOG,9/13/07,alive,11.78338718,,6.343600274,5.440109514,,3,2,,,,,0,1,0,1,1,3
DIC,F,DOV,LIB,7/2/01,dead,,7.698625637,6.198494182,1.500342231,1.500342231,2,1,2,1,1.333029197,0.666514599,0,0,0,1,0,1
DIG,M,DUN,LIB,1/20/03,censored_eventDriven,,,,,,0,0,,,,,0,0,0,0,0,0
DIP,M,DUI,LUI,8/14/05,censored_eventDriven,,,,,,0,0,,,,,0,0,0,1,0,1
DIW,M,DUX,AYU,10/27/08,alive,,,,,,0,0,,,,,0,1,1,0,0,2
DJI,M,,,8/28/93,dead,,,,,,0,0,,,,,0,0,0,0,0,0
DOJ,F,DRO,AYU,7/10/06,alive,12.96063078,,6.672142368,6.288843258,,3,2,,,,,0,0,1,0,0,1
DOT,F,ALT,,6/21/73,dead,,27.68165143,6.151950719,21.53045859,21.53045859,8,7,8,7,0.371566633,0.325120804,0,0,0,1,0,1
DOU,M,DUI,POW,7/3/03,censored_eventDriven,,,,,,0,0,,,,,0,0,0,0,0,0
DOV,F,DOT,GIZ,10/6/89,dead,,12.47878224,4.936344969,7.542778919,7.542778919,6,6,6,6,0.795462795,0.795462795,0,0,1,0,0,1
DRI,F,DUN,GAN,8/16/05,dead,,3.575535235,,,,0,0,,,,,0,0,0,1,0,1
DRO,F,DUD,NEP,9/13/89,dead,,21.21228714,6.072553046,15.14031485,15.14031485,8,6,8,6,0.528390597,0.396292948,0,0,1,0,0,1
DRU,F,DRO,NYU,12/2/01,dead,,3.55910858,,,,0,0,,,,,0,0,0,0,0,0
DUB,M,DOV,PIS,5/11/97,censored_eventDriven,,,,,,0,0,,,,,0,0,0,0,1,1
DUD,F,DOT,,7/5/83,dead,,21.95422439,6.19301848,15.76180698,15.76180698,9,7,9,7,0.571000521,0.444111516,0,1,0,0,0,1
DUI,F,DOT,TUZ,2/5/95,dead,,14.08311887,5.708418891,8.375085558,8.375085558,5,4,5,4,0.597008826,0.477607061,0,0,0,0,0,0
DUL,F,DHO,COO,1/22/12,alive,7.424848053,,6.707734428,0.717316906,,1,0,,,,,0,0,1,0,0,1
DUN,F,DOV,TUZ,1/31/96,dead,,13.11668401,5.538672142,7.578370979,7.578370979,6,3,6,3,0.791726879,0.395863439,0,0,0,0,1,1
DUR,F,DUD,REX,9/2/02,dead,,12.90861304,6.028747433,6.880219028,6.880219028,5,3,5,3,0.726721051,0.43603263,0,0,0,1,0,1
DUX,F,DRO,EDW,10/10/95,alive,23.58046323,,6.05338809,17.52772074,,9,5,,,,,0,0,0,0,0,0
DYN,M,DUD,AMI,8/21/97,censored_eventDriven,,,,,,0,0,,,,,0,0,0,0,0,0
EAG,F,ECH,POW,4/11/02,dead,,15.91469091,7.542778919,8.372347707,8.372347707,5,5,5,5,0.597204055,0.597204055,0,0,0,0,0,0
EAR,M,EAS,SEB,7/1/11,alive,,,,,,0,0,,,,,0,0,0,0,0,0
EAS,F,VIO,WES,4/4/04,dead,,14.74018507,5.579739904,9.160848734,9.160848734,5,3,5,3,0.545800956,0.327480574,0,0,0,1,0,1
EBA,M,,,11/28/95,censored_eventDriven,,,,,,0,0,,,,,0,0,0,0,0,0
ECH,F,ELL,,9/21/91,dead,,25.07528884,6.332648871,18.74332649,18.74332649,10,8,10,8,0.533523225,0.42681858,0,0,0,1,0,1
ECL,F,VEL,GAN,2/10/06,alive,13.37129716,,5.971252567,7.400410678,,4,4,,,,,0,0,0,0,0,0
EDG,F,VOW,GAN,11/22/05,dead,,3.307233204,,,,0,0,,,,,0,0,0,0,0,0
EDI,F,ECH,POW,10/24/03,dead,,2.250451733,,,,0,0,,,,,0,0,0,0,0,0
EGO,M,VEL,LIB,12/25/01,alive,,,,,,0,0,,,,,0,0,0,0,1,1
EID,F,EAG,WUA,10/26/09,alive,9.669824235,,5.607118412,4.062970568,,3,1,,,,,0,0,0,0,0,0
EKA,M,,,3/7/06,alive,,,,,,0,0,,,,,0,0,0,0,0,0
ELA,F,VOW,OJU,10/26/08,alive,10.66363686,,7.351129363,3.312799452,,3,0,,,,,0,1,1,0,0,2
ELB,F,ECH,POW,8/28/99,dead,,4.823961014,,,,0,0,,,,,0,0,0,0,0,0
ELD,F,VIO,LIB,11/11/02,dead,,6.411870996,5.94934976,0.462696783,0.462696783,1,0,1,0,,,0,0,0,1,1,2
ELM,F,EVA,GAB,8/16/11,alive,7.860154411,,6.770704997,1.089664613,,1,0,,,,,0,0,0,0,0,0
ELV,M,ECH,PIS,1/20/98,dead,,11.12632098,,,,0,0,,,,,1,0,0,0,0,1
EMI,F,VEL,LOF,4/18/03,alive,16.18846849,,6.762491444,9.42642026,,6,5,,,,,0,0,0,0,0,0
ENT,M,EUR,WOL,8/22/11,censored_eventDriven,,,,,,0,0,,,,,0,0,0,0,0,0
ENV,F,EMI,WRI,1/21/10,alive,9.426162186,,6.078028747,3.348391513,,3,1,,,,,0,0,0,0,0,0
EQU,M,EVA,GYP,8/28/09,censored_eventDriven,,,,,,0,0,,,,,0,0,0,0,0,0
ERI,M,ECH,LOB,5/23/09,censored_eventDriven,,,,,,0,0,,,,,0,0,0,0,0,0
ERM,F,EAG,THR,7/22/11,alive,7.934074358,,6.340862423,1.593429158,,1,1,,,,,0,0,0,0,0,0
ERN,M,ECH,LOB,9/17/07,dead,,2.954060122,,,,0,0,,,,,0,1,0,0,0,1
ESI,M,,,11/17/03,censored_eventDriven,,,,,,0,0,,,,,0,1,0,0,0,1
ETO,M,ECH,ZIB,5/19/05,censored_eventDriven,,,,,,0,0,,,,,0,0,0,0,0,0
EUG,M,,,7/30/01,censored_eventDriven,,,,,,0,0,,,,,0,0,0,0,0,0
EUR,F,EVA,NJU,2/28/06,alive,13.32475497,,5.478439425,7.846680356,,5,3,,,,,0,0,0,0,0,0
EVA,F,VEL,LOF,6/11/00,alive,19.03849313,,5.716632444,13.32238193,,8,6,,,,,0,0,0,0,0,0
EXI,F,VEL,GAN,10/2/07,dead,,3.194984395,,,,0,0,,,,,0,1,0,1,0,2
EXO,M,,,1/7/90,censored_eventDriven,,,,,,0,0,,,,,0,0,0,0,0,0
FAB,M,FAC,NYU,2/16/02,dead,,7.383781416,,,,0,0,,,,,1,0,0,0,0,1
FAC,F,FUM,ELF,1/7/93,dead,,14.37058534,5.511293634,8.859685147,8.859685147,6,3,6,3,0.677224969,0.338612485,1,0,0,0,0,1
FAK,F,FLA,LOB,12/18/10,alive,8.519958386,,6.061601643,2.458590007,,1,1,,,,,1,0,0,1,0,2
FAM,M,FAC,REX,11/12/03,censored_eventDriven,,,,,,0,0,,,,,1,0,1,1,0,3
FAX,F,FAC,GAS,7/13/98,dead,,13.01812408,6.39835729,6.620123203,6.620123203,4,3,4,3,0.604218362,0.453163772,1,0,0,0,0,1
FED,F,FUM,NEP,10/25/89,dead,,11.51782292,5.957563313,5.560574949,5.560574949,4,2,4,2,0.719350074,0.359675037,0,0,1,0,0,1
FER,F,FAX,YOB,9/3/08,censored_groupDropped,7.671247878,,6.275154004,1.396303901,,1,0,,,,,1,1,1,1,0,4
FIG,M,FED,EDW,6/25/97,censored_eventDriven,,,,,,0,0,,,,,1,0,0,1,0,2
FIL,M,FLA,YOB,8/3/08,alive,,,,,,0,0,,,,,1,1,1,0,0,3
FIN,F,FAX,JOB,12/3/06,alive,11.63007173,,6.0862423,5.544147844,,3,0,,,,,1,0,1,0,0,2
FIW,M,FAX,KER,12/5/04,censored_eventDriven,,,,,,0,0,,,,,1,0,1,0,0,2
FLA,F,FED,AMI,10/10/95,dead,,19.09598642,6.863791923,12.23271732,12.23271732,6,5,6,5,0.490487914,0.408739928,0,0,0,0,0,0
FRU,M,FLA,EBA,3/29/06,alive,,,,,,0,0,,,,,1,0,0,0,0,1
FUZ,M,FUM,ELF,10/7/94,censored_eventDriven,,,,,,0,0,,,,,1,0,0,0,0,1
GAB,M,,,9/29/98,censored_eventDriven,,,,,,0,0,,,,,0,0,0,0,0,0
GAE,M,,,8/27/97,censored_eventDriven,,,,,,0,0,,,,,0,0,0,0,0,0
GAL,M,,,2/27/97,censored_eventDriven,,,,,,0,0,,,,,0,0,0,0,0,0
GAM,M,,,3/12/00,dead,,,,,,0,0,,,,,0,0,0,0,0,0
GAN,M,,,12/7/94,alive,,,,,,0,0,,,,,0,0,0,0,0,0
GAS,M,,,11/1/86,censored_eventDriven,,,,,,0,0,,,,,0,0,0,0,0,0
GAT,F,HES,,10/3/10,dead,,1.817883152,,,,0,0,,,,,0,0,1,1,0,2
GEM,F,HON,ZOR,8/10/08,dead,,4.818485462,,,,0,0,,,,,0,1,1,0,0,2
GEN,F,WUM,LUT,8/27/10,censored_groupDropped,2.704922521,,,,,0,0,,,,,1,0,1,1,0,3
GER,M,HOK,TAP,11/4/08,censored_eventDriven,,,,,,0,0,,,,,0,1,1,0,0,2
GET,M,HON,ARS,10/30/06,censored_eventDriven,,,,,,0,0,,,,,0,0,1,0,0,1
GLE,M,,,5/28/04,censored_eventDriven,,,,,,0,0,,,,,0,0,0,0,0,0
GLO,F,WEN,ELV,11/19/07,censored_groupDropped,7.583639052,,7.488021903,0.095824778,,1,0,,,,,0,0,1,1,0,2
GOM,M,,,12/9/00,censored_eventDriven,,,,,,0,0,,,,,0,0,0,0,0,0
GOS,F,WIR,ELV,10/25/08,censored_groupDropped,6.650057493,,,,,0,0,,,,,1,1,1,0,0,3
GOV,F,HAV,COO,8/20/11,dead,,5.773969227,,,,0,0,,,,,1,0,1,0,0,2
GRA,F,HOK,AYU,12/30/06,alive,12.48699556,,6.940451745,5.546885695,,2,2,,,,,0,0,1,0,0,1
GUF,F,HON,AYU,2/15/12,alive,7.359141433,,,,,0,0,,,,,1,0,1,0,0,2
GUI,F,HES,TAP,7/21/08,alive,10.92920112,,6.387405886,4.542094456,,3,1,,,,,0,1,1,1,0,3
GUR,M,HOK,AYU,12/10/10,alive,,,,,,0,0,,,,,0,0,0,0,0,0
GWA,M,HON,BUC,7/26/10,censored_eventDriven,,,,,,0,0,,,,,1,0,1,0,0,2
GYA,M,,,9/26/01,censored_eventDriven,,,,,,0,0,,,,,0,0,0,0,0,0
GYP,M,,,11/27/90,dead,,,,,,0,0,,,,,0,0,0,0,0,0
HAD,M,HYM,REX,8/28/04,censored_eventDriven,,,,,,0,0,,,,,1,0,1,0,0,2
HAG,M,HYM,YOB,12/29/08,alive,,,,,,0,0,,,,,1,1,1,0,0,3
HAM,F,HAN,INZ,7/3/91,dead,,14.39248754,6.242299795,8.150581793,8.150581793,5,3,5,3,0.613453141,0.368071884,1,0,0,1,0,2
HAP,M,HEI,NOL,12/17/92,dead,,16.21858402,,,,0,0,,,,,0,0,0,0,0,0
HAS,F,HUM,KHA,10/23/01,alive,17.67234299,,6.833675565,10.83915127,,5,5,,,,,0,0,0,0,0,0
HAV,F,HON,DEP,2/23/03,dead,,13.57115479,7.504449008,6.067077344,6.067077344,4,1,4,1,0.659296029,0.164824007,0,0,0,0,0,0
HAZ,M,HEK,GAS,9/10/00,dead,,1.733012101,,,,0,0,,,,,0,0,0,1,0,1
HEA,F,HEL,REX,3/16/02,dead,,4.229863659,,,,0,0,,,,,0,0,0,1,0,1
HEE,M,HAS,TAP,8/23/08,alive,,,,,,0,0,,,,,0,1,1,0,0,2
HEG,M,HEI,EDW,11/30/96,censored_eventDriven,,,,,,0,0,,,,,0,0,0,0,1,1
HEK,F,HAN,,9/3/83,dead,,20.24037672,5.965776865,14.275154,14.275154,8,8,8,8,0.560414269,0.560414269,0,1,0,0,0,1
HEL,F,HEI,NOL,8/5/91,dead,,12.6074577,6.598220397,6.009582478,6.009582478,2,2,2,2,0.332801822,0.332801822,0,0,0,0,1,1
HES,F,HEK,GAS,7/25/02,dead,,9.806713026,5.990417522,3.816563997,3.816563997,2,2,2,2,0.524031564,0.524031564,0,0,0,1,0,1
HEX,M,HUM,AYU,3/27/10,alive,,,,,,0,0,,,,,0,0,1,0,1,2
HIA,F,HUM,GOM,7/11/11,alive,7.95871434,,6.527036277,1.431895962,,1,1,,,,,0,0,1,1,1,3
HIB,M,HEK,ELF,4/5/93,dead,,,,,,0,0,,,,,0,0,0,0,0,0
HIC,M,HEL,AMI,3/11/98,censored_eventDriven,,,,,,0,0,,,,,0,0,0,0,0,0
HIN,F,HYM,RIK,10/14/10,dead,,3.871215025,,,,0,0,,,,,0,0,1,1,1,3
HIS,M,HUC,,7/8/09,dead,,1.760389859,,,,0,0,,,,,1,0,1,0,1,3
HIV,F,HON,TAL,11/18/04,dead,,4.372228002,,,,0,0,,,,,0,0,1,0,0,1
HIZ,F,HYM,ADR,9/4/07,alive,11.80802716,,6.32991102,5.478439425,,4,2,,,,,1,1,1,0,1,4
HOF,M,HYM,REX,3/18/06,alive,,,,,,0,0,,,,,0,0,0,0,1,1
HOJ,F,HUM,AYU,11/13/06,alive,12.61567103,,5.995893224,6.620123203,,4,3,,,,,0,0,1,0,0,1
HOK,F,HEK,NOA,12/26/98,alive,20.49772765,,8.010951403,12.48733744,,7,5,,,,,0,0,0,0,0,0
HOL,F,HAL,ELF,2/15/94,dead,,17.56556973,5.656399726,11.90965092,11.90965092,7,6,7,6,0.587758621,0.503793103,1,0,0,0,0,1
HON,F,HEK,AMI,5/3/97,dead,,19.86530143,5.80971937,14.05612594,14.05612594,8,7,8,7,0.569146864,0.498003506,0,0,0,0,0,0
HOR,M,HUM,REX,6/13/03,dead,,1.837047583,,,,0,0,,,,,1,0,0,0,0,1
HOS,M,HUM,TAP,5/29/08,censored_eventDriven,,,,,,0,0,,,,,0,1,1,0,0,2
HUC,F,HYM,REX,12/20/02,alive,16.51426381,,6.548939083,9.965776865,,7,5,,,,,1,0,0,0,0,1
HUD,M,HAS,QUA,12/4/10,alive,,,,,,0,0,,,,,0,0,1,0,0,1
HUM,F,HAL,AMI,11/10/95,dead,,19.24930187,5.952087611,13.29774127,13.29774127,9,6,9,6,0.676806671,0.451204447,0,0,0,1,0,1
HUN,F,HUC,RIK,11/26/10,alive,8.580189454,,6.702258727,1.87816564,,2,1,,,,,0,0,0,0,0,0
HYD,M,,,5/28/00,censored_eventDriven,,,,,,0,0,,,,,0,0,0,0,0,0
HYM,F,HAL,PLA,9/6/97,dead,,16.96325905,5.28678987,11.67693361,11.67693361,9,7,9,7,0.770750293,0.59947245,0,0,0,1,0,1
HYR,M,HEI,NEP,8/17/89,censored_eventDriven,,,,,,0,0,,,,,0,0,1,0,0,1
IAG,M,,,6/26/89,censored_eventDriven,,,,,,0,0,,,,,0,0,0,0,0,0
ICA,M,,,11/29/86,censored_eventDriven,,,,,,0,0,,,,,0,0,0,0,0,0
IDI,M,,,5/27/90,dead,,,,,,0,0,,,,,0,0,0,0,0,0
IGU,F,VIG,GAN,9/17/07,dead,,11.31248973,8.131416838,3.181382615,3.181382615,2,1,2,1,0.628657487,0.314328744,1,1,0,0,0,2
ILA,M,VIG,KOR,7/22/10,alive,,,,,,0,0,,,,,1,0,0,0,0,1
IRI,F,VIG,GAN,11/22/05,dead,,9.806713026,6.165639973,3.641341547,3.641341547,3,1,3,1,0.82387218,0.27462406,1,0,0,0,0,1
ISO,M,ONY,LOB,9/10/06,alive,,,,,,0,0,,,,,1,0,0,1,0,2
ISR,M,,,5/22/95,censored_eventDriven,,,,,,0,0,,,,,0,0,0,0,0,0
IVY,F,OAS,THR,11/20/10,alive,8.602091661,,5.347022587,3.255304586,,2,1,,,,,1,0,0,0,0,1
JAG,M,,,11/7/89,censored_eventDriven,,,,,,0,0,,,,,0,0,0,0,0,0
JIJ,M,,,10/28/96,censored_eventDriven,,,,,,0,0,,,,,0,0,0,0,0,0
JIL,F,,,7/1/98,alive,,,,,,0,0,,,,,0,0,0,0,0,0
JOB,M,,,4/28/95,censored_eventDriven,,,,,,0,0,,,,,0,0,0,0,0,0
KAF,M,KOL,DUB,2/10/07,censored_eventDriven,,,,,,0,0,,,,,1,1,1,0,0,3
KAG,M,,,9/29/97,censored_eventDriven,,,,,,0,0,,,,,0,0,0,0,0,0
KAT,F,KUP,,3/9/81,dead,,26.58654109,8.643394935,17.94387406,17.94387406,2,2,2,2,0.111458651,0.111458651,0,0,0,0,0,0
KEL,F,KPM,,2/4/86,dead,,26.73985654,6.669404517,20.07118412,20.07118412,9,8,9,8,0.448404038,0.398581367,0,0,0,0,0,0
KER,M,KEL,PEP,10/6/92,censored_eventDriven,,,,,,0,0,,,,,0,0,1,0,0,1
KEY,M,KEL,AMA,7/25/00,censored_eventDriven,,,,,,0,0,,,,,1,0,0,0,1,2
KHA,M,,,7/4/89,dead,,,,,,0,0,,,,,0,0,0,0,0,0
KIJ,M,KEL,VAN,8/16/03,dead,,11.03049882,,,,0,0,,,,,1,0,0,0,0,1
KIL,M,,,9/7/91,censored_eventDriven,,,,,,0,0,,,,,0,0,0,0,0,0
KIP,M,KIW,VEI,7/21/05,censored_eventDriven,,,,,,0,0,,,,,1,0,1,1,0,3
KIV,M,KOL,DUB,7/17/05,dead,,3.6248152,,,,0,0,,,,,1,0,1,0,0,2
KIW,F,KEL,ALE,7/11/98,dead,,10.68827684,7.028062971,3.660506502,3.660506502,3,2,3,2,0.819558714,0.546372476,0,0,0,0,0,0
KNO,F,KEL,VOY,4/4/07,censored_groupDropped,9.187975689,,7.578370979,1.609856263,,1,0,,,,,0,0,1,0,0,1
KOA,F,KIW,DUB,3/17/07,alive,11.97776926,,5.941136208,6.036960986,,2,0,,,,,1,1,1,1,0,4
KOL,F,KEL,KEI,10/9/94,dead,,16.98516125,6.406570842,10.57905544,10.57905544,6,5,6,5,0.567158385,0.472631988,0,0,0,0,0,0
KOM,M,KEL,VOY,9/9/05,alive,,,,,,0,0,,,,,1,0,1,0,0,2
KOR,M,KEL,ALE,12/9/01,alive,,,,,,0,0,,,,,1,0,0,0,0,1
KRA,M,,,6/29/95,censored_eventDriven,,,,,,0,0,,,,,0,0,0,0,0,0
KRI,M,KOL,VAN,1/23/03,censored_eventDriven,,,,,,0,0,,,,,1,0,0,0,0,1
KUT,M,KOL,VAN,3/6/01,censored_eventDriven,,,,,,0,0,,,,,1,0,0,0,0,1
LAA,M,LAN,HAP,2/12/06,censored_eventDriven,,,,,,0,0,,,,,0,0,0,0,0,0
LAD,F,LAR,KEI,8/9/93,dead,,23.14515687,5.029431896,18.11635866,18.11635866,11,8,11,8,0.607186036,0.441589844,0,0,0,0,0,0
LAF,F,LAO,NIN,9/3/07,alive,11.51234737,,8.629705681,2.882956879,,1,0,,,,,0,1,0,0,0,1
LAH,F,LOL,SAW,9/16/04,dead,,12.73613317,7.742642026,4.993839836,4.993839836,4,0,4,0,0.800986842,0,1,0,0,0,1,2
LAL,F,LIM,ROC,9/18/00,dead,,2.316158353,,,,0,0,,,,,0,0,0,0,0,0
LAN,F,LAD,IAG,1/21/00,censored_groupDropped,16.33083283,,6.061601643,10.2696783,,7,4,,,,,0,0,0,0,0,0
LAO,F,LAD,TIN,10/30/01,alive,17.35476099,,5.84257358,11.51266256,,5,3,,,,,0,0,0,0,0,0
LAQ,F,LAD,RAJ,5/28/07,censored_groupDropped,10.30498823,,5.850787132,4.454483231,,3,0,,,,,0,1,0,0,0,1
LAR,F,LON,CUI,12/23/87,dead,,13.2535728,5.629021218,7.624914442,7.624914442,6,4,6,4,0.786894075,0.52459605,0,0,0,0,0,0
LAS,F,LEL,NEL,11/7/90,dead,,18.39511581,6.05065024,12.3449692,12.3449692,8,7,8,7,0.648037259,0.567032601,0,0,0,0,0,0
LAT,M,LAR,JIT,5/1/97,dead,,17.71888518,,,,0,0,,,,,0,0,0,1,1,2
LAV,F,LON,RUT,7/21/92,dead,,17.14669003,7.249828884,9.897330595,9.897330595,6,3,6,3,0.606224066,0.303112033,0,0,1,1,0,2
LAW,M,LAR,PLA,1/4/00,dead,,16.77982807,,,,0,0,,,,,0,1,0,1,1,3
LAX,M,LIM,FAV,1/23/98,dead,,18.59223567,,,,0,0,,,,,0,0,0,0,1,1
LAZ,F,LIM,PEP,9/12/91,dead,,20.75507857,5.716632444,15.03901437,15.03901437,10,9,10,9,0.664937193,0.598443474,0,0,0,0,1,1
LEB,M,LAZ,BEA,5/31/97,censored_eventDriven,,,,,,0,0,,,,,0,0,0,0,0,0
LEC,M,LAZ,ISR,12/15/04,alive,,,,,,0,0,,,,,0,0,1,0,0,1
LEF,F,LYE,ARA,12/26/08,alive,10.20369052,,,,,0,0,,,,,0,1,1,0,0,2
LEH,M,LYC,ORN,3/30/08,censored_groupDropped,,,,,,0,0,,,,,1,1,1,0,0,3
LEI,F,LAS,ORY,3/20/00,alive,19.15895526,,6.357289528,12.80219028,,7,2,,,,,0,0,0,0,1,1
LEJ,F,LIW,RAJ,4/19/08,alive,10.8853967,,5.661875428,5.223819302,,2,0,,,,,0,1,0,0,0,1
LEQ,F,LAD,ANE,2/8/11,censored_groupDropped,2.195696216,,,,,0,0,,,,,0,0,1,0,0,1
LES,M,LOL,MOR,1/21/03,dead,,3.24426436,,,,0,0,,,,,1,0,0,0,0,1
LEU,M,LAN,RAJ,7/12/09,censored_groupDropped,,,,,,0,0,,,,,0,0,0,0,1,1
LEX,M,LAR,LIO,9/13/98,censored_eventDriven,,,,,,0,0,,,,,0,0,0,1,1,2
LEY,F,LAN,RAJ,10/6/07,alive,11.42200077,,6.442162902,4.980150582,,2,0,,,,,0,1,0,0,0,1
LIB,M,LEL,POL,9/28/92,dead,,16.80446805,,,,0,0,,,,,0,0,0,1,0,1
LID,F,LIM,POL,1/26/93,dead,,12.30904014,6.042436687,6.266940452,6.266940452,4,4,4,4,0.638269987,0.638269987,0,0,0,0,0,0
LIM,F,LON,,10/31/85,dead,,25.16015989,5.864476386,19.29637235,19.29637235,11,11,11,11,0.570055335,0.570055335,0,0,0,0,0,0
LIT,F,LAD,KRA,7/23/04,dead,,10.92920112,7.154004107,3.775496235,3.775496235,2,1,2,1,0.52973169,0.264865845,0,0,0,0,1,1
LIV,F,LYM,DAG,11/16/08,censored_groupDropped,6.589826425,,5.84257358,0.747433265,,1,0,,,,,1,1,1,0,0,3
LIW,F,LAD,CHA,8/20/98,censored_groupDropped,19.49570169,,7.405886379,12.09034908,,6,3,,,,,0,0,0,0,1,1
LIX,F,LOL,SCO,3/24/11,alive,8.262607458,,6.458590007,1.804243669,,2,0,,,,,1,0,1,0,0,2
LIZ,F,LIM,ROC,10/19/96,alive,22.5756995,,5.316906229,17.25941136,,9,5,,,,,1,0,0,0,1,2
LOA,F,LAD,TOG,1/6/06,alive,13.16870175,,5.768651608,7.400410678,,3,0,,,,,0,0,0,0,1,1
LOB,M,LAZ,ALE,2/15/99,alive,,,,,,0,0,,,,,0,0,0,0,0,0
LOC,F,LIM,DEN,10/1/94,censored_groupDropped,19.60521273,,5.979466119,13.62628337,,7,6,,,,,0,0,0,0,0,0
LOD,F,LAS,ELV,12/8/07,censored_groupDropped,7.339977003,,,,,0,0,,,,,0,0,1,1,0,2
LOF,M,LAM,FAV,5/21/92,dead,,19.42999507,,,,0,0,,,,,1,0,1,1,1,4
LOG,M,LUN,ALE,3/23/99,alive,,,,,,0,0,,,,,1,0,0,0,0,1
LOJ,M,LEI,VEI,4/22/08,censored_eventDriven,,,,,,0,0,,,,,0,1,1,0,0,2
LOL,F,LIN,CHA,7/27/97,dead,,19.35607512,5.486652977,13.86995209,13.86995209,9,7,9,7,0.648884722,0.504688117,1,0,0,1,0,2
LOM,F,LIZ,NAF,2/12/02,censored_groupDropped,12.67863987,,6.173853525,6.50513347,,5,2,,,,,0,0,0,0,0,0
LOP,F,LOL,KAG,12/13/06,alive,12.53901331,,5.029431896,7.509924709,,5,2,,,,,1,0,0,0,0,1
LOS,M,LIM,VOY,4/5/07,censored_groupDropped,,,,,,0,0,,,,,0,0,1,1,0,2
LOU,M,LAZ,DEA,6/15/03,dead,,12.39938674,,,,0,0,,,,,0,0,1,0,0,1
LOX,F,LAZ,ROC,8/19/00,censored_groupDropped,16.4814105,,6.29705681,10.18480493,,5,2,,,,,0,0,0,0,1,1
LOY,M,LIW,EXO,1/15/06,dead,,2.228549526,,,,0,0,,,,,0,0,0,0,0,0
LOZ,M,LUN,BEA,8/21/97,censored_eventDriven,,,,,,0,0,,,,,1,0,0,0,0,1
LUD,M,LID,AMA,1/17/02,dead,,7.715052292,,,,0,0,,,,,0,0,0,1,0,1
LUF,F,LYM,ELV,12/1/06,censored_groupDropped,7.879318841,,6.006844627,1.872689938,,1,0,,,,,1,0,1,0,0,2
LUG,M,LIN,JIT,12/4/93,censored_eventDriven,,,,,,0,0,,,,,1,0,0,0,0,1
LUI,M,LAS,ROC,11/25/96,censored_eventDriven,,,,,,0,0,,,,,0,0,0,0,0,0
LUM,F,LID,VAN,8/19/00,dead,,2.891091277,,,,0,0,,,,,0,0,0,0,1,1
LUN,F,LAM,,7/24/86,dead,,25.28062202,6.113620808,19.16769336,19.16769336,8,6,8,6,0.417368947,0.31302671,1,0,0,0,0,1
LUO,M,LIM,VIP,2/17/04,alive,,,,,,0,0,,,,,0,1,1,0,0,2
LUP,F,LID,ORY,2/11/99,alive,20.37452773,,6.940451745,13.43463381,,10,8,,,,,0,0,0,0,0,0
LUR,F,LAZ,ROC,12/3/01,censored_groupDropped,14.52116301,,5.943874059,8.577686516,,5,2,,,,,0,0,0,0,0,0
LUS,M,LYE,DUB,8/6/05,censored_groupDropped,,,,,,0,0,,,,,0,0,1,0,1,2
LUT,M,LAS,DEA,12/23/02,censored_eventDriven,,,,,,0,0,,,,,0,0,0,0,0,0
LUV,F,LOL,RAJ,10/21/09,alive,9.683513114,,6.004106776,3.679671458,,3,1,,,,,1,0,0,0,1,2
LUX,F,LID,VEI,1/1/04,alive,15.48759788,,5.897330595,9.590691307,,7,4,,,,,0,0,1,1,0,2
LUZ,M,LUP,VEI,1/20/06,alive,,,,,,0,0,,,,,1,0,1,0,0,2
LYB,F,LAZ,VOY,7/5/06,alive,12.97979521,,5.423682409,7.556468172,,5,4,,,,,0,0,1,0,0,1
LYC,F,LUN,VAN,10/6/02,dead,,9.631495373,5.481177276,4.150581793,4.150581793,2,2,2,2,0.481860158,0.481860158,1,0,0,0,1,2
LYE,F,LIM,ALE,7/13/99,alive,19.846137,,6.067077344,13.77960301,,8,3,,,,,0,0,0,0,1,1
LYL,M,LAD,NIN,1/11/09,censored_groupDropped,,,,,,0,0,,,,,0,0,0,0,1,1
LYM,F,LUN,ALE,12/28/00,censored_groupDropped,16.12276187,,5.924709103,10.19849418,,5,3,,,,,1,0,0,0,0,1
MAH,M,MBE,TOG,10/2/06,censored_eventDriven,,,,,,0,0,,,,,1,0,0,0,0,1
MBE,F,MYS,FEL,7/21/99,alive,19.9364836,,6.368240931,13.5687885,,12,4,,,,,1,0,0,0,0,1
MEC,M,MET,,1/8/94,censored_groupDropped,,,,,,0,0,,,,,1,0,0,0,1,2
MEG,M,MBE,ANE,6/30/10,censored_eventDriven,,,,,,0,0,,,,,1,0,1,0,0,2
MER,F,MON,,11/9/11,alive,7.627443465,,7.290896646,0.336755647,,1,0,,,,,1,0,0,1,0,2
MES,M,MIC,RAJ,10/15/08,censored_eventDriven,,,,,,0,0,,,,,1,1,0,0,0,2
MEX,M,MYS,ZAI,2/24/01,dead,,2.650167004,,,,0,0,,,,,1,0,0,0,0,1
MIA,F,MBE,LAX,8/8/08,alive,10.8853967,,6.507871321,4.377823409,,2,2,,,,,1,1,0,0,0,2
MIC,F,MYS,ZIN,1/7/03,alive,16.16656628,,5.771389459,10.39561944,,6,2,,,,,1,1,0,1,0,3
MLO,M,MOJ,,9/8/87,censored_eventDriven,,,,,,0,0,,,,,1,0,0,0,0,1
MOG,M,,,8/9/06,censored_eventDriven,,,,,,0,0,,,,,0,0,0,0,0,0
MOH,M,MON,TAP,4/22/08,dead,,2.053331873,,,,0,0,,,,,1,1,1,0,0,3
MON,F,HAM,EXO,7/21/99,dead,,13.51913705,7.550992471,5.968514716,5.968514716,4,2,4,2,0.670183486,0.335091743,1,0,0,0,0,1
MOR,M,,,1/1/87,censored_eventDriven,,,,,,0,0,,,,,0,0,0,0,0,0
MOZ,M,,,7/28/93,censored_eventDriven,,,,,,0,0,,,,,0,0,0,0,0,0
MUF,F,MYS,CHA,8/17/97,dead,,3.433170892,,,,0,0,,,,,1,0,0,0,0,1
MYS,F,MOJ,PEP,12/28/91,dead,,14.30487872,5.637234771,8.668035592,8.668035592,6,4,6,4,0.692198358,0.461465572,1,1,0,1,0,3
NAF,M,NIP,POL,10/19/92,dead,,11.57257844,,,,0,0,,,,,0,0,1,1,0,2
NAG,M,NAP,KRA,6/26/05,censored_eventDriven,,,,,,0,0,,,,,0,0,0,0,1,1
NAI,F,NIX,JIT,3/7/96,dead,,8.955264743,5.754962355,3.20054757,3.20054757,2,2,2,2,0.624893071,0.624893071,0,1,0,0,0,1
NAK,F,NOB,RAJ,4/27/10,alive,9.168811258,,6.39835729,2.770704997,,2,0,,,,,0,0,1,0,0,1
NAP,F,NIX,KEI,2/1/94,dead,,21.69413568,5.697467488,15.99726215,15.99726215,10,7,10,7,0.625106966,0.437574876,0,0,1,0,0,1
NAR,F,NAI,ZAI,12/8/01,alive,17.55188085,,6.349075975,11.20328542,,3,2,,,,,0,0,0,1,0,1
NAW,M,NAD,EDW,9/5/97,censored_eventDriven,,,,,,0,0,,,,,0,0,0,1,0,1
NEA,F,NOO,RAJ,9/4/08,alive,10.81147676,,6.896646133,3.915126626,,2,1,,,,,1,1,0,0,0,2
NEH,M,NAP,TOG,6/21/08,alive,,,,,,0,0,,,,,0,1,0,0,0,1
NER,M,NOB,RAJ,9/15/07,alive,,,,,,0,0,,,,,0,1,0,0,0,1
NES,F,NYA,YOY,1/2/00,dead,,4.815747687,,,,0,0,,,,,0,1,0,1,0,2
NET,M,NIX,FEL,11/23/97,alive,,,,,,0,0,,,,,0,0,0,1,0,1
NGA,M,NAP,ANE,12/4/10,alive,,,,,,0,0,,,,,0,0,1,0,0,1
NIK,F,NYA,AMI,1/5/98,alive,21.46963807,,7.06091718,14.40930869,,5,5,,,,,0,0,0,0,0,0
NIN,M,,,7/27/97,censored_eventDriven,,,,,,0,0,,,,,0,0,0,0,0,0
NIO,F,NAR,RAJ,4/14/08,alive,11.2029787,,7.446954141,3.75633128,,3,2,,,,,0,1,0,0,0,1
NIR,M,NAP,ZIN,4/21/03,censored_groupDropped,,,,,,0,0,,,,,0,0,0,0,0,0
NIX,F,NEE,,1/3/82,dead,,18.36773805,6.023271732,12.3449692,12.3449692,7,5,7,5,0.567032601,0.405023287,0,0,0,0,0,0
NJU,M,NIG,CHA,10/29/97,dead,,12.05990254,,,,0,0,,,,,0,0,0,1,0,1
NOA,M,,,8/1/86,censored_eventDriven,,,,,,0,0,,,,,0,0,0,0,0,0
NOB,F,NIG,PEP,11/16/93,dead,,21.81459782,6.047912389,15.76728268,15.76728268,8,6,8,6,0.507379753,0.380534815,0,0,0,0,0,0
NOJ,M,NAI,KRA,1/21/04,censored_eventDriven,,,,,,0,0,,,,,0,0,0,1,0,1
NOK,M,NOB,IAG,3/8/03,censored_eventDriven,,,,,,0,0,,,,,0,0,0,0,0,0
NOM,F,NOO,TOG,7/13/06,alive,12.95789301,,6.603696099,6.354551677,,3,1,,,,,0,0,0,0,0,0
NON,M,NIK,YOB,6/14/07,censored_eventDriven,,,,,,0,0,,,,,0,1,1,0,0,2
NOO,F,NOB,IAG,12/4/99,alive,19.56414609,,6.606433949,12.95824778,,6,5,,,,,0,1,0,0,0,1
NOP,M,NOB,MOR,8/10/05,censored_eventDriven,,,,,,0,0,,,,,0,0,0,0,0,0
NOS,M,NIK,EBA,1/27/05,censored_eventDriven,,,,,,0,0,,,,,0,0,1,0,0,1
NOZ,M,NAP,KIL,9/21/00,alive,,,,,,0,0,,,,,0,0,0,0,0,0
NTA,M,NIK,RIK,10/2/10,alive,,,,,,0,0,,,,,0,0,1,0,0,1
NUM,M,,,8/28/90,censored_eventDriven,,,,,,0,0,,,,,0,0,0,0,0,0
NUN,M,NAP,TOG,11/15/06,alive,,,,,,0,0,,,,,0,0,0,0,0,0
NUT,F,NAD,ELF,8/17/95,dead,,14.04479001,7.978097194,6.067077344,6.067077344,4,1,4,1,0.659296029,0.164824007,0,0,0,1,0,1
NUZ,F,NUT,JOB,4/6/07,alive,12.22143131,,6.417522245,5.804243669,,3,3,,,,,0,0,1,1,0,2
NYA,F,NAZ,,12/11/83,dead,,18.49641351,5.722108145,12.77481177,12.77481177,6,5,6,5,0.469674239,0.391395199,0,0,1,1,0,2
NYL,M,NYA,AMI,8/2/95,censored_eventDriven,,,,,,0,0,,,,,0,0,0,0,0,0
NYS,F,NOO,SCO,9/6/10,alive,8.807424848,,6.291581109,2.516084873,,1,1,,,,,1,0,1,0,0,2
NYU,M,NYO,KEI,3/20/92,censored_eventDriven,,,,,,0,0,,,,,1,0,1,0,0,2
OAS,F,ORI,VAP,7/10/05,alive,13.96539451,,5.363449692,8.602327173,,6,4,,,,,1,0,0,1,0,2
OBI,F,OCH,TUZ,1/9/96,dead,,8.974429174,5.486652977,3.488021903,3.488021903,2,2,2,2,0.573390895,0.573390895,1,0,0,1,0,2
OBL,M,OFR,LAX,4/18/06,alive,,,,,,0,0,,,,,0,0,0,1,0,1
OBR,M,,,11/10/94,censored_eventDriven,,,,,,0,0,,,,,0,0,0,0,0,0
OCE,M,OMO,VEG,12/28/96,censored_eventDriven,,,,,,0,0,,,,,1,0,0,0,1,2
OCT,F,OMO,POW,12/25/03,dead,,4.933472047,,,,0,0,,,,,0,0,0,1,0,1
ODE,M,OFR,POW,5/25/03,alive,,,,,,0,0,,,,,0,0,0,0,0,0
OFR,F,OMO,INZ,1/11/92,dead,,16.07621968,6.625598905,9.451060917,9.451060917,6,4,6,4,0.634849363,0.423232908,0,0,0,0,0,0
OIL,F,OMO,POW,10/16/01,dead,,2.067020752,,,,0,0,,,,,0,0,0,1,1,2
OJU,M,,,5/27/96,censored_eventDriven,,,,,,0,0,,,,,0,0,0,0,0,0
OKO,M,OMO,TUZ,5/16/95,censored_eventDriven,,,,,,0,0,,,,,1,0,0,0,0,1
OMO,F,ORE,,7/25/83,dead,,21.54629579,6.729637235,14.81724846,14.81724846,11,8,11,8,0.742378049,0.539911308,0,1,0,0,0,1
ONY,F,OST,POW,12/4/00,dead,,8.25439413,5.765913758,2.488706366,2.488706366,2,1,2,1,0.803630363,0.401815182,1,0,0,1,1,3
OOZ,M,OFR,POW,5/18/01,censored_eventDriven,,,,,,0,0,,,,,0,0,0,0,0,0
OPA,F,OPH,LOB,8/12/06,alive,12.87575973,,9.108829569,3.767282683,,2,0,,,,,0,0,0,1,0,1
OPH,F,OMO,EDW,1/24/99,dead,,10.10513059,7.54825462,2.557152635,2.557152635,1,1,1,1,0.391059957,0.391059957,1,0,0,0,1,2
OPR,F,OST,POW,10/6/03,dead,,1.089634781,,,,0,0,,,,,1,0,0,1,0,2
OPU,F,OBI,POW,7/5/01,dead,,1.511252259,,,,0,0,,,,,1,0,0,1,0,2
ORB,M,,,7/6/89,censored_eventDriven,,,,,,0,0,,,,,0,0,0,0,0,0
ORI,F,OST,POW,6/9/99,dead,,8.177736407,6.0862423,2.091718001,2.091718001,1,1,1,1,0.478075916,0.478075916,1,0,0,0,1,2
ORN,M,,,5/28/93,censored_eventDriven,,,,,,0,0,,,,,0,0,0,0,0,0
OST,F,ORE,INZ,1/10/92,dead,,12.53353775,5.919233402,6.614647502,6.614647502,5,2,5,2,0.755898179,0.302359272,0,0,0,1,1,2
OTI,M,,,6/20/91,censored_eventDriven,,,,,,0,0,,,,,0,0,0,0,0,0
OXY,F,OFR,POW,6/29/99,dead,,11.51508514,7.509924709,4.005475702,4.005475702,2,0,2,0,0.499316473,0,1,0,0,0,0,1
OZO,F,OMO,POW,5/30/00,dead,,3.734326233,,,,0,0,,,,,0,0,0,0,1,1
PAE,M,PAI,VAP,11/22/08,censored_groupDropped,,,,,,0,0,,,,,0,1,1,0,0,2
PAI,F,PRU,ROC,4/21/00,alive,19.07134644,,6.929500342,12.14236824,,5,3,,,,,0,0,0,0,0,0
PAX,F,PAI,ZAM,6/19/10,censored_groupDropped,2.10808739,,,,,0,0,,,,,0,0,1,0,0,1
PEB,F,PRU,ROC,9/13/98,alive,20.10075015,,5.94661191,14.15468857,,9,5,,,,,0,0,0,0,0,0
PEC,M,PEB,ISR,8/24/04,censored_eventDriven,,,,,,0,0,,,,,0,0,1,0,0,1
PEM,F,PRU,ROC,1/29/02,dead,,6.759568527,5.889117043,0.87063655,0.87063655,1,0,1,0,,,0,0,0,1,1,2
PHL,F,PEB,,6/22/06,dead,,1.527678914,,,,0,0,,,,,0,0,1,0,1,2
PIT,M,POK,SHY,9/18/02,dead,,8.68148716,,,,0,0,,,,,0,0,0,0,0,0
PIX,F,POK,DUB,9/1/08,censored_groupDropped,7.77528336,,6.735112936,1.040383299,,1,0,,,,,0,1,1,0,0,2
PLA,M,,,7/7/89,censored_eventDriven,,,,,,0,0,,,,,0,0,0,0,0,0
POA,F,PAI,NAW,3/27/07,censored_groupDropped,6.209275585,,5.84257358,0.366872005,,1,0,,,,,0,0,1,0,0,1
POK,F,PRU,ROC,4/29/97,alive,22.05004654,,5.388090349,16.66255989,,10,3,,,,,0,0,0,0,1,1
POT,M,PRU,ROC,8/28/95,censored_eventDriven,,,,,,0,0,,,,,0,0,0,0,0,0
POU,M,PRU,POL,12/29/92,censored_eventDriven,,,,,,0,0,,,,,0,0,0,0,0,0
POW,M,PRU,DIS,10/20/90,dead,,13.54925259,,,,0,0,,,,,0,0,0,0,0,0
PRU,F,PIN,,1/31/82,dead,,22.41964628,5.511293634,16.90896646,16.90896646,12,8,12,8,0.709682642,0.473121762,0,0,0,0,1,1
PSY,M,PEB,VEI,12/5/07,dead,,2.929420139,,,,0,0,,,,,0,0,1,0,1,2
PUY,M,,,11/9/01,alive,,,,,,0,0,,,,,0,0,0,0,0,0
QUA,M,,,8/14/96,censored_eventDriven,,,,,,0,0,,,,,0,0,0,0,0,0
RAG,M,VOT,OJU,3/19/09,censored_eventDriven,,,,,,0,0,,,,,0,0,0,1,0,1
RAJ,M,,,10/28/96,censored_eventDriven,,,,,,0,0,,,,,0,0,0,0,0,0
RAN,F,VOR,LIB,6/24/01,alive,18.00908942,,6.562628337,11.44695414,,6,3,,,,,0,0,0,0,1,1
RAZ,F,RHO,GAB,10/29/10,alive,8.662322729,,7.657768652,1.004791239,,1,0,,,,,0,0,0,0,1,1
REX,M,,,10/16/91,censored_eventDriven,,,,,,0,0,,,,,0,0,0,0,0,0
RHA,F,VAI,GAB,5/20/10,alive,9.100366862,,5.686516085,3.414099932,,3,1,,,,,0,0,0,0,1,1
RHO,F,VOT,KER,5/27/01,dead,,18.05836938,6.291581109,11.76728268,11.76728268,8,5,8,5,0.679851094,0.424906933,0,0,0,0,0,0
RHU,F,VOR,WES,1/2/04,dead,,3.857526146,,,,0,0,,,,,0,0,0,1,0,1
RIF,M,VOT,LOG,7/7/07,censored_eventDriven,,,,,,0,0,,,,,0,1,0,1,0,2
RIG,M,RWA,LOG,11/27/08,dead,,7.903958824,,,,0,0,,,,,0,1,1,0,1,3
RIK,M,,,12/29/00,censored_eventDriven,,,,,,0,0,,,,,0,0,0,0,0,0
RIS,F,VOT,GYP,11/9/05,dead,,3.34282429,,,,0,0,,,,,0,0,0,0,0,0
RIV,F,VAI,GAN,8/17/08,dead,,8.790998193,6.858316222,1.932922656,1.932922656,1,1,1,1,0.517351275,0.517351275,0,1,1,0,0,2
ROC,M,,,10/19/84,censored_eventDriven,,,,,,0,0,,,,,0,0,0,0,0,0
ROD,F,RWA,GAN,5/16/10,alive,9.116793517,,5.787816564,3.329226557,,2,1,,,,,0,0,0,0,1,1
ROW,F,RHO,GAB,11/16/08,dead,,9.382357773,6.833675565,2.548939083,2.548939083,2,1,2,1,0.784640172,0.392320086,0,1,1,0,0,2
ROX,F,VAI,GAN,9/15/06,dead,,9.278322291,5.886379192,3.392197125,3.392197125,2,2,2,2,0.589588378,0.589588378,0,0,0,0,0,0
RUB,F,VOT,KER,3/22/03,dead,,1.831572031,,,,0,0,,,,,0,0,0,0,0,0
RUE,F,RAN,,11/26/10,alive,8.585665006,,6.031485284,2.554414784,,2,0,,,,,0,0,0,0,1,1
RWA,F,VOR,LIB,10/1/02,alive,16.73876143,,6.15742642,10.58179329,,7,6,,,,,0,0,0,1,1,2
SAC,F,SOR,ORN,3/28/07,alive,11.31522751,,5.722108145,5.593429158,,3,0,,,,,0,0,1,0,0,1
SAD,F,SCE,EUG,6/13/10,alive,9.034660242,,6.64202601,2.392881588,,1,1,,,,,0,0,1,1,0,2
SAG,M,SCE,BLU,12/28/05,censored_eventDriven,,,,,,0,0,,,,,0,0,1,0,0,1
SAH,M,SCE,TAP,3/27/08,censored_eventDriven,,,,,,0,0,,,,,0,1,1,0,0,2
SAS,M,SOR,EBA,10/1/05,censored_eventDriven,,,,,,0,0,,,,,0,0,0,0,1,1
SAT,M,SOR,TAL,11/17/03,censored_eventDriven,,,,,,0,0,,,,,0,1,1,0,0,2
SAU,F,SER,ELF,8/27/94,dead,,6.814324043,6.072553046,0.741957563,0.741957563,1,0,1,0,,,0,0,0,0,1,1
SAW,M,SAF,TYC,9/18/88,censored_eventDriven,,,,,,0,0,,,,,0,0,0,1,1,2
SCE,F,SOU,DOW,3/23/98,dead,,14.11870996,6.590006845,7.529089665,7.529089665,4,3,4,3,0.531272727,0.398454545,0,0,0,1,0,1
SCO,M,,,12/30/98,censored_eventDriven,,,,,,0,0,,,,,0,0,0,0,0,0
SEB,M,SOR,TAL,11/4/01,censored_eventDriven,,,,,,0,0,,,,,0,0,0,0,0,0
SEE,M,SER,DEP,9/27/04,censored_eventDriven,,,,,,0,0,,,,,0,0,1,1,0,2
SEI,F,SER,SUJ,9/3/01,dead,,5.960137984,,,,0,0,,,,,0,0,0,1,1,2
SEM,F,SNA,ZOR,12/8/06,alive,11.61638285,,6.228610541,5.388090349,,4,0,,,,,0,0,1,0,0,1
SER,F,SAN,,3/19/89,dead,,16.40475278,5.440109514,10.9650924,10.9650924,8,7,8,7,0.729588015,0.638389513,0,0,1,0,0,1
SEW,M,SOU,NYU,2/14/00,dead,,1.346985709,,,,0,0,,,,,0,0,0,1,0,1
SHY,M,,,6/28/88,censored_eventDriven,,,,,,0,0,,,,,0,0,0,0,0,0
SNA,F,SER,GAS,11/12/99,alive,18.68805782,,7.071868583,11.61670089,,7,3,,,,,0,1,0,0,0,1
SOK,M,SER,AMI,5/13/97,censored_eventDriven,,,,,,0,0,,,,,0,0,0,0,1,1
SOR,F,SER,EDW,2/3/96,censored_groupDropped,21.84197558,,5.752224504,16.09034908,,9,7,,,,,0,0,0,0,1,1
SOU,F,SAN,NEP,6/15/92,dead,,8.454251766,5.768651608,2.685831622,2.685831622,2,2,2,2,0.744648318,0.744648318,0,0,0,1,1,2
SPY,M,,,10/3/83,censored_eventDriven,,,,,,0,0,,,,,0,1,0,0,0,1
SQU,M,SNA,AYU,9/4/08,censored_eventDriven,,,,,,0,0,,,,,0,1,1,0,0,2
SUE,M,SOR,,11/29/08,alive,,,,,,0,0,,,,,0,1,1,0,0,2
SUJ,M,,,10/16/88,censored_eventDriven,,,,,,0,0,,,,,0,0,0,0,0,0
SVE,M,,,11/28/95,censored_eventDriven,,,,,,0,0,,,,,0,0,0,0,0,0
TAB,F,LOX,NAW,12/6/06,censored_groupDropped,10.18452609,,7.575633128,2.6091718,,1,0,,,,,0,0,1,0,0,1
TAL,M,,,10/16/92,dead,,,,,,0,0,,,,,0,0,0,0,0,0
TAP,M,,,8/29/98,censored_eventDriven,,,,,,0,0,,,,,0,0,0,0,0,0
TAX,F,LYB,BUT,12/7/11,alive,7.556261293,,5.856262834,1.700205339,,2,0,,,,,0,0,0,0,0,0
TAY,F,LAZ,BUT,6/30/11,alive,7.994305426,,5.971252567,2.023271732,,2,1,,,,,0,0,1,1,0,2
TEL,F,VET,LOG,5/8/10,alive,9.135957948,,5.404517454,3.731690623,,3,1,,,,,1,0,0,0,0,1
TER,M,,,5/29/96,alive,,,,,,0,0,,,,,0,0,0,0,0,0
THR,M,VET,VEG,2/15/00,censored_eventDriven,,,,,,0,0,,,,,1,0,0,0,0,1
THU,M,,,4/25/99,dead,,,,,,0,0,,,,,0,0,0,0,0,0
TIN,M,,,6/19/88,censored_eventDriven,,,,,,0,0,,,,,0,0,0,0,0,0
TIV,F,LUR,DAG,12/6/08,censored_groupDropped,7.51245688,,,,,0,0,,,,,0,1,1,0,0,2
TOF,M,VET,LIB,12/24/02,dead,,2.168318458,,,,0,0,,,,,1,0,0,0,1,2
TOG,M,,,5/27/97,censored_eventDriven,,,,,,0,0,,,,,0,0,0,0,0,0
TOR,M,,,7/28/01,censored_eventDriven,,,,,,0,0,,,,,0,0,0,0,0,0
TRI,F,VET,LIB,10/2/01,dead,,2.187482889,,,,0,0,,,,,1,0,0,0,1,2
TRU,M,LAZ,DAG,9/30/09,alive,,,,,,0,0,,,,,0,0,1,1,0,2
TUS,M,VET,WES,4/25/05,alive,,,,,,0,0,,,,,0,0,0,0,0,0
UHU,M,,,12/26/93,dead,,,,,,0,0,,,,,0,0,0,0,0,0
UPE,M,LUP,VOY,7/9/10,alive,,,,,,0,0,,,,,1,0,1,0,0,2
URU,F,LUX,BUT,1/10/11,alive,8.462465093,,6.636550308,1.826146475,,2,1,,,,,1,0,1,0,0,2
USI,M,,,12/28/05,censored_eventDriven,,,,,,0,0,,,,,0,0,0,0,0,0
UTE,M,LUP,VOY,2/27/09,dead,,3.958823852,,,,0,0,,,,,0,0,1,0,1,2
VAA,F,VIN,TUZ,2/11/95,dead,,13.47533264,5.620807666,7.854893908,7.854893908,5,4,5,4,0.636545835,0.509236668,0,0,0,0,0,0
VAD,M,VEX,NJU,3/19/07,censored_eventDriven,,,,,,0,0,,,,,1,1,0,0,0,2
VAI,F,VOR,ROY,4/22/98,alive,21.17669605,,6.406570842,14.770705,,8,8,,,,,0,0,0,0,0,0
VAN,M,VOR,INZ,8/10/92,censored_eventDriven,,,,,,0,0,,,,,0,0,0,0,1,1
VAP,M,VIN,TUZ,12/21/96,censored_eventDriven,,,,,,0,0,,,,,0,0,0,0,0,0
VAQ,M,VOG,LOG,1/29/10,alive,,,,,,0,0,,,,,1,0,0,0,1,2
VAT,M,VOR,MLO,1/18/97,censored_eventDriven,,,,,,0,0,,,,,0,0,0,0,1,1
VAU,M,VEX,WRI,12/9/08,censored_eventDriven,,,,,,0,0,,,,,1,1,1,0,0,3
VAZ,M,VIV,TUZ,2/14/95,censored_eventDriven,,,,,,0,0,,,,,0,0,0,0,0,0
VEB,M,VAI,WES,9/17/04,alive,,,,,,0,0,,,,,0,0,0,0,0,0
VEG,M,,,1/6/88,censored_eventDriven,,,,,,0,0,,,,,0,0,0,0,0,0
VEH,M,VEX,LOF,3/12/05,censored_eventDriven,,,,,,0,0,,,,,1,0,0,0,0,1
VEI,M,VEL,TUZ,8/30/95,dead,,17.89136506,,,,0,0,,,,,0,0,0,0,0,0
VEL,F,VIX,,11/3/88,dead,,22.23073975,5.538672142,16.69267625,16.69267625,12,9,12,9,0.718878137,0.539158603,1,0,0,0,1,2
VES,F,VIV,LIB,9/30/01,alive,17.73804961,,6.143737166,11.59479808,,6,4,,,,,1,0,0,0,0,1
VET,F,VIX,INZ,1/13/93,dead,,23.71735202,5.456536619,18.26146475,18.26146475,14,7,14,7,0.766641679,0.38332084,1,0,0,0,1,2
VEX,F,VIV,ORB,8/18/98,dead,,18.96457318,6.565366188,12.39972621,12.39972621,7,6,7,6,0.564528594,0.483881652,0,0,0,0,0,0
VIA,M,VEL,ORB,10/18/98,dead,,3.151179981,,,,0,0,,,,,0,0,0,0,0,0
VIB,M,VIX,MLO,8/29/98,alive,,,,,,0,0,,,,,0,0,0,1,0,1
VIG,F,VET,AMA,6/29/98,dead,,19.69555933,7.400410678,12.29568789,12.29568789,6,5,6,5,0.487975952,0.406646627,0,0,0,0,0,0
VIN,F,VIX,GIZ,2/7/90,dead,,25.89114603,5.01026694,20.88158795,20.88158795,13,10,13,10,0.622558018,0.478890783,1,0,1,0,0,2
VIO,F,VEL,TUZ,5/19/94,dead,,10.88813448,5.744010951,5.144421629,5.144421629,4,2,4,2,0.777541245,0.388770623,0,0,0,0,1,1
VIP,M,VIX,NGG,12/15/91,dead,,15.47117122,,,,0,0,,,,,1,0,0,0,1,2
VIV,F,VIX,,9/19/85,dead,,23.91720966,5.817932923,18.09993155,18.09993155,9,6,9,6,0.497239449,0.331492966,1,0,0,0,0,1
VOG,F,VIV,VEG,2/8/97,alive,22.37857964,,6.491444216,15.88774812,,10,5,,,,,0,0,0,0,0,0
VOM,F,VOG,LOG,6/15/11,alive,8.032634288,,7.44421629,0.588637919,,1,0,,,,,1,0,0,0,1,2
VOR,F,VIX,,4/1/87,dead,,18.59771122,5.360711841,13.23750856,13.23750856,9,7,9,7,0.679886246,0.528800414,1,0,0,0,0,1
VOT,F,VOR,TUZ,10/24/94,dead,,15.59710891,5.730321697,9.867214237,9.867214237,7,5,7,5,0.709420089,0.506728635,0,0,0,0,0,0
VOW,F,VEL,AMA,3/28/97,dead,,21.57367355,5.98220397,15.59206023,15.59206023,9,5,9,5,0.577216857,0.320676032,0,0,0,0,0,0
VOY,M,VIX,PIS,2/12/97,censored_eventDriven,,,,,,0,0,,,,,0,0,0,1,0,1
VUG,F,VOG,GYP,7/13/06,alive,12.95515523,,8.991101985,3.96440794,,2,1,,,,,1,0,0,0,0,1
VUR,F,VEX,SEB,6/30/10,alive,8.993593605,,5.968514716,3.02532512,,2,1,,,,,1,0,0,0,0,1
WAB,M,WAS,CHA,8/14/98,censored_eventDriven,,,,,,0,0,,,,,0,0,0,0,0,0
WAD,F,WEM,KEI,9/2/93,dead,,22.02814434,6.105407255,15.92334018,15.92334018,9,9,9,9,0.565208047,0.565208047,0,0,0,0,0,0
WAG,F,WHI,FAT,9/1/89,dead,,14.37606089,6.661190965,7.715263518,7.715263518,5,5,5,5,0.648066004,0.648066004,0,0,1,0,0,1
WAJ,F,WAD,RAJ,7/6/07,alive,11.97776926,,6.29431896,5.683778234,,3,2,,,,,0,1,0,0,0,1
WAM,M,WEN,ISR,11/6/05,dead,,11.80802716,,,,0,0,,,,,0,0,1,0,0,1
WAP,M,WEA,VOY,12/27/05,alive,,,,,,0,0,,,,,0,0,1,1,0,2
WAQ,F,WON,ANE,11/10/09,censored_groupDropped,3.441384219,,,,,0,0,,,,,0,0,0,0,0,0
WAS,F,WEM,KEI,1/13/92,censored_groupDropped,25.66664841,,5.040383299,20.62696783,,10,9,,,,,0,0,0,0,0,0
WAW,F,WEA,BEA,3/19/03,censored_groupDropped,14.70733176,,5.593429158,9.11430527,,5,2,,,,,0,0,0,0,1,1
WEA,F,WHI,NEL,12/17/87,dead,,21.74067787,5.754962355,15.98631075,15.98631075,9,8,9,8,0.562981675,0.500428156,0,0,0,0,0,0
WED,F,WAG,DEA,7/25/02,dead,,5.620653781,,,,0,0,,,,,0,0,0,1,0,1
WEG,M,WOB,,2/3/05,dead,,11.87920933,,,,0,0,,,,,0,0,1,0,0,1
WEI,F,WAS,ARS,9/27/05,censored_groupDropped,12.39117341,,5.295003422,7.09650924,,4,1,,,,,0,0,0,0,0,0
WEK,M,WHE,DUB,11/7/08,censored_groupDropped,,,,,,0,0,,,,,0,1,1,0,0,2
WEM,F,WIN,,4/24/82,dead,,19.60521273,5.336071184,14.2696783,14.2696783,9,7,9,7,0.630707982,0.490550652,0,0,0,1,0,1
WEN,F,WEM,,8/25/87,dead,,24.02124514,5.35797399,18.66392882,18.66392882,12,10,12,10,0.642951445,0.535792871,0,0,0,0,0,0
WER,M,WIR,ISR,10/25/04,censored_eventDriven,,,,,,0,0,,,,,0,0,1,0,0,1
WES,M,WAG,ROC,4/30/96,censored_eventDriven,,,,,,0,0,,,,,0,0,0,0,0,0
WEU,M,WEM,JIT,8/29/96,censored_eventDriven,,,,,,0,0,,,,,0,0,0,0,1,1
WEW,F,WYN,VOY,2/1/06,censored_groupDropped,12.10096917,,5.869952088,6.231348392,,2,0,,,,,0,0,1,0,0,1
WEX,M,WEN,ROC,9/4/00,dead,,1.724798773,,,,0,0,,,,,0,0,0,0,1,1
WEY,M,WAD,RAJ,7/18/09,alive,,,,,,0,0,,,,,0,0,0,0,1,1
WEZ,M,WIP,TOG,12/26/06,censored_eventDriven,,,,,,0,0,,,,,0,0,0,0,0,0
WHE,F,WEA,ROC,2/3/96,alive,23.28478344,,5.382614648,17.9028063,,10,6,,,,,0,0,0,0,0,0
WHO,F,WAG,ROC,1/13/01,dead,,5.486502765,5.481177276,0.005475702,0.005475702,1,0,1,0,,,0,0,0,1,0,1
WID,M,WEN,POL,1/2/93,censored_eventDriven,,,,,,0,0,,,,,0,0,0,0,0,0
WIE,F,WIF,,12/25/10,alive,8.506269507,,6.636550308,1.869952088,,1,1,,,,,0,0,1,0,0,1
WIF,F,WAD,ZAI,7/13/01,alive,17.95707167,,5.987679671,11.96988364,,7,6,,,,,0,0,0,0,0,0
WIP,F,WEM,FEL,4/25/99,alive,20.1746701,,5.856262834,14.31895962,,11,5,,,,,0,0,0,1,1,2
WIR,F,WEN,ROC,5/25/99,alive,19.98028801,,5.420944559,14.55989049,,7,4,,,,,0,0,0,0,1,1
WIV,M,WEM,CHA,12/4/97,dead,,15.15085145,,,,0,0,,,,,0,0,0,1,1,2
WIW,F,WON,OTI,9/17/07,censored_groupDropped,7.468652467,,6.937713895,0.531143053,,1,0,,,,,0,1,0,0,0,1
WIZ,M,WAS,CHA,1/27/97,censored_eventDriven,,,,,,0,0,,,,,0,0,0,0,0,0
WOB,F,WAG,FAV,4/3/98,censored_groupDropped,16.54164157,,6.839151266,9.70294319,,5,4,,,,,0,0,0,0,0,0
WOC,M,WIF,LAX,7/9/07,censored_eventDriven,,,,,,0,0,,,,,0,1,0,0,0,1
WOF,M,WHE,ELV,2/6/07,alive,,,,,,0,0,,,,,0,1,1,0,0,2
WOI,F,WIP,TOG,10/22/08,dead,,5.308547336,,,,0,0,,,,,0,1,0,0,1,2
WOK,M,WEA,DEA,8/27/04,censored_eventDriven,,,,,,0,0,,,,,0,0,1,0,1,2
WOL,M,WEN,DEA,12/10/02,dead,,9.237255654,,,,0,0,,,,,0,0,0,0,1,1
WON,F,WAS,ZIN,3/13/02,censored_groupDropped,15.51223786,,5.514031485,9.998631075,,5,4,,,,,0,0,0,0,0,0
WOO,M,WAS,ZIN,6/27/00,censored_eventDriven,,,,,,0,0,,,,,0,0,0,0,0,0
WOP,M,WAS,NIN,2/14/09,censored_eventDriven,,,,,,0,0,,,,,0,0,0,0,0,0
WOR,M,WEN,ROC,10/26/01,dead,,1.470185621,,,,0,0,,,,,0,0,0,0,1,1
WOV,M,WAS,OTI,4/25/07,censored_groupDropped,,,,,,0,0,,,,,0,1,0,0,0,1
WOZ,F,WHE,VOY,8/31/05,censored_groupDropped,12.52258665,,6.247775496,6.275154004,,2,0,,,,,0,0,1,0,1,2
WRA,F,WAD,ICA,10/11/99,dead,,6.187373378,,,,0,0,,,,,0,0,0,0,0,0
WRE,F,WHE,VAN,6/22/01,dead,,1.557794448,,,,0,0,,,,,0,0,0,0,0,0
WRI,M,WEA,AMA,12/22/99,alive,,,,,,0,0,,,,,0,0,0,0,0,0
WRY,M,WIR,VOY,4/28/06,dead,,3.82193506,,,,0,0,,,,,1,0,1,0,0,2
WUA,M,WEA,ALE,8/15/01,dead,,8.109292011,,,,0,0,,,,,0,0,0,0,0,0
WUM,F,WEN,VIP,4/20/04,dead,,8.12298089,6.351813826,1.771389459,1.771389459,1,1,1,1,0.564528594,0.564528594,0,0,1,0,0,1
WUN,F,WAW,ORN,10/21/08,censored_groupDropped,7.389256968,,7.225188227,0.164271047,,1,0,,,,,0,1,1,0,0,2
WUT,M,WAD,IDI,11/7/05,dead,,1.36615014,,,,0,0,,,,,0,0,0,0,0,0
WYA,M,WIF,ANE,7/9/09,alive,,,,,,0,0,,,,,0,0,0,0,1,1
WYC,M,WAD,KRA,9/29/03,censored_eventDriven,,,,,,0,0,,,,,0,0,0,0,0,0
WYL,M,WEM,ZIN,7/10/00,censored_eventDriven,,,,,,0,0,,,,,0,0,0,1,0,1
WYN,F,WAG,AMA,10/22/99,alive,19.37797733,,6.280629706,13.09787817,,7,4,,,,,0,0,0,0,1,1
WYO,M,WIP,NIN,3/23/10,censored_eventDriven,,,,,,0,0,,,,,0,0,1,0,1,2
YAB,M,,,8/7/98,censored_eventDriven,,,,,,0,0,,,,,0,0,0,0,0,0
YAI,F,VAA,LOF,9/25/00,alive,18.75376444,,6.286105407,12.46817248,,7,5,,,,,0,0,0,0,0,0
YAK,M,,,2/18/95,censored_eventDriven,,,,,,0,0,,,,,0,0,0,0,0,0
YAN,M,VIN,KER,7/5/01,dead,,7.690412309,,,,0,0,,,,,1,0,0,0,1,2
YAP,F,VIN,KOR,3/24/10,alive,9.261895636,,6.600958248,2.661190965,,2,1,,,,,0,0,0,0,1,1
YAR,M,VAA,LIB,7/18/02,alive,,,,,,0,0,,,,,0,0,0,0,1,1
YAY,F,VAA,QUA,10/6/05,dead,,3.435908668,,,,0,0,,,,,0,0,0,1,0,1
YAZ,M,YAI,,7/26/10,dead,,7.693150085,,,,0,0,,,,,0,0,0,0,0,0
YED,M,YUG,SEB,4/22/11,alive,,,,,,0,0,,,,,0,0,0,0,0,0
YEL,F,YAI,WRI,1/29/09,alive,10.40902371,,6.934976044,3.474332649,,3,2,,,,,0,0,1,0,1,2
YEN,F,VIN,GAN,9/25/08,dead,,2.212122871,,,,0,0,,,,,0,1,1,0,1,3
YIP,M,VIN,QUA,9/3/05,dead,,3.386628703,,,,0,0,,,,,0,0,0,0,1,1
YOB,M,,,8/27/97,censored_eventDriven,,,,,,0,0,,,,,0,0,0,0,0,0
YOD,F,VIN,WRI,8/17/11,alive,7.862892186,,6.151950719,1.711156742,,2,1,,,,,0,0,0,0,0,0
YOG,F,VIN,MLO,1/10/00,dead,,9.174286809,5.571526352,3.603011636,3.603011636,2,1,2,1,0.555091185,0.277545593,1,0,0,0,1,2
YOI,M,YAI,GAN,1/8/07,alive,,,,,,0,0,,,,,0,1,0,0,0,1
YOK,M,VIN,LOF,12/22/03,censored_eventDriven,,,,,,0,0,,,,,0,0,0,0,0,0
YOL,M,VIN,GAN,2/27/07,dead,,2.904780157,,,,0,0,,,,,0,1,0,0,0,1
YUG,F,YOG,LOF,8/6/05,alive,13.88599901,,5.708418891,8.177960301,,6,4,,,,,0,0,0,1,0,1
YUM,F,VAA,KER,12/23/03,dead,,2.187482889,,,,0,0,,,,,0,0,0,0,0,0
ZAI,M,,,4/21/92,censored_eventDriven,,,,,,0,0,,,,,0,0,0,0,0,0
ZAK,M,,,6/27/01,alive,,,,,,0,0,,,,,0,0,0,0,0,0
ZAM,M,,,9/26/98,dead,,,,,,0,0,,,,,0,0,0,0,0,0
ZAN,M,,,7/28/98,dead,,,,,,0,0,,,,,0,0,0,0,0,0
ZAP,M,,,11/9/90,censored_eventDriven,,,,,,0,0,,,,,0,0,0,0,0,0
ZAW,M,,,2/16/02,censored_eventDriven,,,,,,0,0,,,,,0,0,0,0,0,0
ZIB,M,,,8/25/94,censored_eventDriven,,,,,,0,0,,,,,0,0,0,0,0,0
ZIM,F,LIZ,ISR,8/15/07,censored_groupDropped,5.949186881,,,,,0,0,,,,,0,1,1,0,0,2
ZIN,M,,,5/9/87,censored_eventDriven,,,,,,0,0,,,,,0,0,0,0,0,0
ZIT,M,LOM,ORN,4/16/08,censored_groupDropped,,,,,,0,0,,,,,0,1,1,0,0,2
ZIZ,M,,,12/22/92,censored_eventDriven,,,,,,0,0,,,,,0,0,0,0,0,0
ZOR,M,,,5/30/98,censored_eventDriven,,,,,,0,0,,,,,0,0,0,0,0,0
ZUC,F,LIZ,DUB,2/15/09,censored_groupDropped,6.340688824,,,,,0,0,,,,,0,0,1,0,1,2
ZUR,M,LIZ,ELV,11/22/05,alive,,,,,,0,0,,,,,0,0,1,0,0,1